"saying,"
listen
Amendment
fucking
go
one
through.
""""
only
wiipedia
on
got
this
cripple
"germans,"
like
Jew
"Doo!,"
"Page!"""""
made
so
User:Tajik's
I
with
chance
truth
misquoting
some
care
nothing
fat
because...
These
"""""Whoopdie"
kind
my
or
burger!
few
tale
down
really
every
bogan
@$$
life
Wikipedia
them
about
"honest,"
root
probably
complain
random
ur
loser
me
something
fucyour
IPs!
"again,"
nerd
im
falsifying
hardships
Not
would
just
mom.)
up!
problem
here
speedily
do
"""""Motorhead"
when
First
something.
Wikipedia.
wikipedia
has
that
itself
destiny
watchlist.
around
edits
see
sack
his
little
dont
German
even
that?
now
u!
poofter
concern
know
Get
orgy!
might
Fukyou
em
The
attacking
"account,"
taddle
of
page
am
thought
"""""why"
"Rumi,"
without
"Safavids,"
Contested
One!
"de:Benutzer:Phoenix2,"
called
very
subjects
This
have
choose
deleted
"life,"
then
"""""disturbed"
"shit"""""
speaks
"vandels,"
yet
peice
delete
german...
telling
Keep
u
give
"them,"
You
deletion
4
its
thing
"me,"
i
"that,"
I've
persons
"here,"
reason
should
had
changes
think
they
"metal"""""
it
FUkYOU!
no
to
sources.
Great
"Rights,"
shoot
again.
don't
views
h8
for
wants
silence
back
and
are
that.
bastards
also
life.
Going
been
page.
watch
in
make
at
faggot
"u,"
@ss
biggest
profile.
again
knowing
"much,"
need
off
be
gay
not
regards
Babak
say
boyfriend
done
managed
because
your
Iranian
won't
"problem,"
"him"""""
shit!.
find
many
the
if
mums
encountered
what
a
is
log
faggots
ever
but
(It
If
decide
Ima
you
Fuckedy
